epoch,binary_accuracy,loss
0,0.5023094415664673,0.745511531829834
1,0.5242494344711304,0.7177018523216248
2,0.5005773901939392,0.7170921564102173
3,0.5017321109771729,0.712847113609314
4,0.513856828212738,0.7068679332733154
5,0.5248267650604248,0.6970990300178528
6,0.5213626027107239,0.6922983527183533
7,0.5184757709503174,0.6981028914451599
8,0.5121247172355652,0.6981735825538635
9,0.49826788902282715,0.6963602304458618
10,0.5132794380187988,0.6959379315376282
11,0.5109699964523315,0.6956059336662292
12,0.525404155254364,0.6910316944122314
13,0.5155889391899109,0.6947716474533081
14,0.5086604952812195,0.6968849897384644
15,0.525404155254364,0.6878536939620972
16,0.5213626027107239,0.691350519657135
17,0.5202078819274902,0.6933926939964294
18,0.5202078819274902,0.6947519183158875
19,0.5184757709503174,0.6940163969993591
20,0.5190531015396118,0.6925171613693237
21,0.5300230979919434,0.689766526222229
22,0.525404155254364,0.6914094686508179
23,0.5225173234939575,0.6899692416191101
24,0.5190531015396118,0.691872775554657
25,0.5271362662315369,0.6887174844741821
26,0.5242494344711304,0.6902052164077759
27,0.5230947136878967,0.6884226202964783
28,0.5386835932731628,0.6833115220069885
29,0.5363741517066956,0.6850497126579285
30,0.545034646987915,0.6807877421379089
31,0.5525404214859009,0.6789194345474243
32,0.5421478152275085,0.6799512505531311
33,0.5612009167671204,0.673291802406311
34,0.5571593642234802,0.6720799803733826
35,0.5531178116798401,0.6797528862953186
36,0.5560046434402466,0.6761674284934998
37,0.5525404214859009,0.671297550201416
38,0.5583140850067139,0.6719796657562256
39,0.5490761995315552,0.6759401559829712
40,0.5606235861778259,0.6731743812561035
41,0.5669745802879333,0.6669613718986511
42,0.5612009167671204,0.6721453666687012
43,0.5496535897254944,0.6755208969116211
44,0.5669745802879333,0.6666069626808167
45,0.5606235861778259,0.6733742356300354
46,0.556581974029541,0.6677948832511902
47,0.5600461959838867,0.666639506816864
48,0.5606235861778259,0.670991837978363
49,0.5750577449798584,0.6618794202804565
50,0.5710161924362183,0.6598503589630127
51,0.5710161924362183,0.6642290949821472
52,0.5756350755691528,0.6604328155517578
53,0.5796766877174377,0.6560525298118591
54,0.5733256340026855,0.6590773463249207
55,0.5692840814590454,0.6601415872573853
56,0.5750577449798584,0.6567134261131287
57,0.5802540183067322,0.6635924577713013
58,0.5871824622154236,0.6503758430480957
59,0.5825635194778442,0.651443600654602
60,0.5831408500671387,0.6539236903190613
61,0.5733256340026855,0.6532330513000488
62,0.5796766877174377,0.6535216569900513
63,0.5848729610443115,0.6471121907234192
64,0.5912240147590637,0.6429763436317444
65,0.5883371829986572,0.6444869637489319
66,0.5912240147590637,0.6457056999206543
67,0.5964203476905823,0.6417545080184937
68,0.6166281700134277,0.625328779220581
69,0.6339492201805115,0.625335693359375
70,0.5981523990631104,0.6385205984115601
71,0.6143187284469604,0.6368845701217651
72,0.6172055602073669,0.6293676495552063
73,0.6137413382530212,0.6311060786247253
74,0.6247113347053528,0.6300941705703735
75,0.6166281700134277,0.6296528577804565
76,0.6154734492301941,0.6221337914466858
77,0.6431870460510254,0.6113169193267822
78,0.6495380997657776,0.6162445545196533
79,0.6258660554885864,0.6198587417602539
80,0.6374133825302124,0.6186304092407227
81,0.6379907727241516,0.6060100197792053
82,0.6512702107429504,0.608322024345398
83,0.6414549946784973,0.6173400282859802
84,0.6374133825302124,0.615538477897644
85,0.6414549946784973,0.6098003387451172
86,0.6501154899597168,0.6071730852127075
87,0.6576212644577026,0.6051474809646606
88,0.6726328134536743,0.6010873913764954
89,0.6807159185409546,0.5784686803817749
90,0.6732101440429688,0.6099180579185486
91,0.6830254197120667,0.5908190011978149
92,0.6697459816932678,0.587089478969574
93,0.673787534236908,0.5887174010276794
94,0.7032332420349121,0.5703024864196777
95,0.6720554232597351,0.6040538549423218
96,0.6928406357765198,0.57059246301651
97,0.6951501369476318,0.5812695622444153
98,0.6732101440429688,0.6006228923797607
99,0.6893764138221741,0.5658519864082336
100,0.7176674604415894,0.5588929057121277
101,0.6968821883201599,0.568217933177948
102,0.7009238004684448,0.5566651821136475
103,0.7332563400268555,0.5424757599830627
104,0.7038106322288513,0.5647366046905518
105,0.693418025970459,0.5744722485542297
106,0.7176674604415894,0.5515114665031433
107,0.7009238004684448,0.5595995783805847
108,0.7193995118141174,0.5456034541130066
109,0.7228637337684631,0.5465723872184753
110,0.7193995118141174,0.5463965535163879
111,0.7332563400268555,0.5336204171180725
112,0.7061200737953186,0.5478838682174683
113,0.718822181224823,0.5453994870185852
114,0.7101616859436035,0.5550842881202698
115,0.7390300035476685,0.527415931224823
116,0.6968821883201599,0.5753107070922852
117,0.6824480295181274,0.5661120414733887
118,0.693418025970459,0.574055552482605
119,0.7003464102745056,0.5556039810180664
120,0.6916859149932861,0.5695618987083435
121,0.7118937373161316,0.5542497038841248
122,0.6397228837013245,0.6776872873306274
123,0.6743649244308472,0.5987830758094788
124,0.7136258482933044,0.5477214455604553
125,0.6916859149932861,0.5634503364562988
126,0.6922633051872253,0.569881796836853
127,0.6824480295181274,0.5708985328674316
128,0.6986142992973328,0.5653291344642639
129,0.7078521847724915,0.5518254041671753
130,0.7101616859436035,0.5497481822967529
131,0.7043879628181458,0.5510832667350769
132,0.7193995118141174,0.539664626121521
133,0.7020785212516785,0.5551908016204834
134,0.6662817597389221,0.5829119086265564
135,0.6945727467536926,0.5811489820480347
136,0.6333718299865723,0.6948353052139282
137,0.6564664840698242,0.630031406879425
138,0.6581985950469971,0.6083005666732788
139,0.6847575306892395,0.5966659188270569
140,0.6963048577308655,0.574099063873291
141,0.6905311942100525,0.5645413398742676
142,0.7090069055557251,0.565281093120575
143,0.7078521847724915,0.5558336973190308
144,0.679561197757721,0.5736014246940613
145,0.7274826765060425,0.538457453250885
146,0.7367205619812012,0.5318008661270142
147,0.7407621145248413,0.5449338555335999
148,0.7292147874832153,0.5280227661132812
149,0.7274826765060425,0.5513330698013306
0,0.4913395047187805,0.9149042963981628
1,0.4936489462852478,0.8533234000205994
2,0.49191686511039734,0.7891061305999756
3,0.5063510537147522,0.7504966259002686
4,0.5086604952812195,0.7296146750450134
5,0.5034642219543457,0.7245806455612183
6,0.5040415525436401,0.710071861743927
7,0.525404155254364,0.6979761719703674
8,0.5127021074295044,0.7098879218101501
9,0.5005773901939392,0.7152890563011169
10,0.5127021074295044,0.7050784826278687
11,0.494226336479187,0.7070196270942688
12,0.47979214787483215,0.7042877078056335
13,0.5092378854751587,0.7024400234222412
14,0.5086604952812195,0.6937133073806763
15,0.4965358078479767,0.7020228505134583
16,0.4994226396083832,0.6963527202606201
17,0.5150115489959717,0.6962264776229858
18,0.5063510537147522,0.6977619528770447
19,0.4936489462852478,0.6952399611473083
20,0.5207852125167847,0.6943634748458862
21,0.493071585893631,0.7003001570701599
22,0.5075057744979858,0.6958653926849365
23,0.4913395047187805,0.6941956281661987
24,0.5017321109771729,0.6955296397209167
25,0.48960739374160767,0.6949930191040039
26,0.5063510537147522,0.6951582431793213
27,0.5011547207832336,0.6971772909164429
28,0.48960739374160767,0.6969815492630005
29,0.4936489462852478,0.6936464905738831
30,0.5069283843040466,0.6959737539291382
31,0.5011547207832336,0.692480206489563
32,0.508083164691925,0.6945861577987671
33,0.5005773901939392,0.6936944127082825
34,0.5011547207832336,0.6929242610931396
35,0.4936489462852478,0.6965318918228149
36,0.49249422550201416,0.6931410431861877
37,0.4878752827644348,0.6933525204658508
38,0.48556581139564514,0.6922318935394287
39,0.5040415525436401,0.6924700140953064
40,0.4994226396083832,0.6917569637298584
41,0.508083164691925,0.692405104637146
42,0.5017321109771729,0.6936873197555542
43,0.4976905286312103,0.6939249634742737
44,0.4821016192436218,0.6924583911895752
45,0.5017321109771729,0.6907771229743958
46,0.5075057744979858,0.6902755498886108
47,0.4994226396083832,0.6945631504058838
48,0.5075057744979858,0.6918103098869324
49,0.5121247172355652,0.6903334856033325
50,0.5167436599731445,0.6873728036880493
51,0.511547327041626,0.6906066536903381
52,0.525404155254364,0.6865736842155457
53,0.508083164691925,0.6873193383216858
54,0.5306004881858826,0.6838457584381104
55,0.513856828212738,0.687020480632782
56,0.5121247172355652,0.6865049004554749
57,0.5357967615127563,0.6818127632141113
58,0.5340646505355835,0.6836408376693726
59,0.550808310508728,0.6776296496391296
60,0.5473440885543823,0.677619218826294
61,0.5490761995315552,0.6767056584358215
62,0.542725145816803,0.6817829012870789
63,0.539260983467102,0.6778313517570496
64,0.5617783069610596,0.6765395998954773
65,0.5548498630523682,0.6730690002441406
66,0.5496535897254944,0.6785406470298767
67,0.5542725324630737,0.6727493405342102
68,0.5577366948127747,0.672801673412323
69,0.5404157042503357,0.6714146137237549
70,0.5606235861778259,0.6701432466506958
71,0.53695148229599,0.6777826547622681
72,0.5554272532463074,0.6704119443893433
73,0.5640877485275269,0.6632531881332397
74,0.5409930944442749,0.675125002861023
75,0.5658198595046997,0.6631744503974915
76,0.5548498630523682,0.6697023510932922
77,0.5444572567939758,0.6739597320556641
78,0.5796766877174377,0.6615496277809143
79,0.5825635194778442,0.6608014106750488
80,0.5785219669342041,0.6561675667762756
81,0.5640877485275269,0.6649412512779236
82,0.5583140850067139,0.6720908880233765
83,0.5733256340026855,0.6567539572715759
84,0.5871824622154236,0.6576943397521973
85,0.5542725324630737,0.6627954840660095
86,0.5837182402610779,0.6624390482902527
87,0.5946882367134094,0.6533632874488831
88,0.5912240147590637,0.6538727283477783
89,0.5969976782798767,0.6438409686088562
90,0.5958429574966431,0.6468868255615234
91,0.5894919037818909,0.6526532769203186
92,0.5750577449798584,0.6598503589630127
93,0.5952655673027039,0.6529332995414734
94,0.6102771162986755,0.6421753168106079
95,0.613163948059082,0.6476844549179077
96,0.6143187284469604,0.635455310344696
97,0.5993071794509888,0.6430838704109192
98,0.5987297892570496,0.6459892392158508
99,0.5906466245651245,0.6484897136688232
100,0.6045034527778625,0.6374068856239319
101,0.607390284538269,0.642504870891571
102,0.6172055602073669,0.6327567100524902
103,0.601616621017456,0.6556594371795654
104,0.6137413382530212,0.6501601338386536
105,0.6235565543174744,0.6315271854400635
106,0.6027713418006897,0.648897111415863
107,0.6206697225570679,0.6338328123092651
108,0.6229792237281799,0.6240184307098389
109,0.6345265507698059,0.6283549666404724
110,0.6264434456825256,0.6342000961303711
111,0.6391454935073853,0.6216002702713013
112,0.6299076080322266,0.6362224221229553
113,0.6345265507698059,0.6300478577613831
114,0.6293302774429321,0.628084123134613
115,0.6091223955154419,0.6388335824012756
116,0.6281754970550537,0.6277581453323364
117,0.6403002142906189,0.6234352588653564
118,0.6275981664657593,0.6301246881484985
119,0.5929561257362366,0.655838668346405
120,0.6200923919677734,0.6354554891586304
121,0.6466512680053711,0.6118711829185486
122,0.6137413382530212,0.6292293071746826
123,0.6189376711845398,0.6387239098548889
124,0.6189376711845398,0.6289075613021851
125,0.6125866174697876,0.6282954812049866
126,0.6420323252677917,0.6214517951011658
127,0.6443418264389038,0.6198134422302246
128,0.6633949279785156,0.6152644157409668
129,0.6431870460510254,0.6221785545349121
130,0.6362586617469788,0.6191422939300537
131,0.6443418264389038,0.6153433322906494
132,0.6431870460510254,0.6234143376350403
133,0.6466512680053711,0.6243661642074585
134,0.6506928205490112,0.6154804825782776
135,0.6518476009368896,0.614943265914917
136,0.6628175377845764,0.6165772676467896
137,0.6628175377845764,0.6061779856681824
138,0.6657043695449829,0.6126862168312073
139,0.6720554232597351,0.6012667417526245
140,0.668013870716095,0.5960609912872314
141,0.6639722585678101,0.6035116314888
142,0.6645496487617493,0.6011235117912292
143,0.6576212644577026,0.610065758228302
144,0.6836027503013611,0.5969640016555786
145,0.6420323252677917,0.6206070184707642
146,0.5946882367134094,0.6824091076850891
147,0.5866050720214844,0.6581037044525146
148,0.6021940112113953,0.6622411012649536
149,0.6004619002342224,0.6479634642601013
150,0.6102771162986755,0.6518816351890564
151,0.6414549946784973,0.6193000674247742
152,0.6651270389556885,0.623175859451294
153,0.6691685914993286,0.6038944721221924
154,0.6570438742637634,0.6192876696586609
155,0.6662817597389221,0.6025453209877014
156,0.6732101440429688,0.5948399901390076
157,0.679561197757721,0.5912832021713257
158,0.6732101440429688,0.5963031649589539
159,0.6143187284469604,0.6271077990531921
160,0.6743649244308472,0.5923319458961487
161,0.6224018335342407,0.6330462098121643
162,0.6270207762718201,0.629562258720398
163,0.6524249315261841,0.6155912280082703
164,0.6564664840698242,0.6179315447807312
165,0.6581985950469971,0.5957364439964294
166,0.6599307060241699,0.6035612225532532
167,0.6703233122825623,0.6024352312088013
168,0.6593533754348755,0.6121875047683716
169,0.6720554232597351,0.5984659194946289
170,0.6726328134536743,0.5999687314033508
171,0.679561197757721,0.5930888056755066
172,0.6610854268074036,0.6165822148323059
173,0.6778290867805481,0.6000545024871826
174,0.668013870716095,0.5954830050468445
175,0.662240207195282,0.5997178554534912
176,0.6743649244308472,0.5988098978996277
177,0.6547344326972961,0.6128516793251038
178,0.6657043695449829,0.5937944054603577
179,0.6605080962181091,0.6180497407913208
180,0.6864895820617676,0.5844312906265259
181,0.6749422550201416,0.6019693613052368
182,0.6599307060241699,0.6043950915336609
183,0.6628175377845764,0.6002379059791565
184,0.6628175377845764,0.5983530879020691
185,0.6224018335342407,0.642600953578949
186,0.6743649244308472,0.5992260575294495
187,0.679561197757721,0.5890307426452637
188,0.6662817597389221,0.6003507971763611
189,0.6703233122825623,0.5923752188682556
190,0.6847575306892395,0.5772854685783386
191,0.6570438742637634,0.5937585234642029
192,0.6864895820617676,0.5912203788757324
193,0.6657043695449829,0.596875786781311
194,0.6570438742637634,0.5971760749816895
195,0.6662817597389221,0.5912494659423828
196,0.6893764138221741,0.5924559831619263
197,0.6668591499328613,0.5961365103721619
198,0.6749422550201416,0.5815815329551697
199,0.6836027503013611,0.5871490836143494
200,0.648383378982544,0.6023879051208496
201,0.636836051940918,0.6158216595649719
202,0.6674364805221558,0.5957053899765015
203,0.6720554232597351,0.5981599688529968
204,0.6951501369476318,0.5886775851249695
205,0.6732101440429688,0.5909832715988159
206,0.6807159185409546,0.588867723941803
207,0.6882216930389404,0.6051795482635498
208,0.687644362449646,0.5884625911712646
209,0.6928406357765198,0.5763055682182312
210,0.6720554232597351,0.5805056691169739
211,0.6760969758033752,0.5843607783317566
212,0.6685912013053894,0.5908620953559875
213,0.6703233122825623,0.6008964776992798
214,0.6789838075637817,0.5871787071228027
215,0.6853348612785339,0.578782320022583
216,0.6610854268074036,0.6137515306472778
217,0.6691685914993286,0.5950649976730347
218,0.6916859149932861,0.5734410881996155
219,0.6760969758033752,0.5822905898094177
220,0.681870698928833,0.5781962871551514
221,0.681870698928833,0.5800978541374207
222,0.6864895820617676,0.584030032157898
223,0.6714780330657959,0.5938593149185181
224,0.6784064769744873,0.5933892130851746
225,0.6905311942100525,0.5830973386764526
226,0.699191689491272,0.5684657692909241
227,0.6830254197120667,0.5831809639930725
228,0.6853348612785339,0.5690793395042419
229,0.6841801404953003,0.5801355838775635
230,0.6945727467536926,0.5705702900886536
231,0.6408776044845581,0.6159966588020325
232,0.6749422550201416,0.5884510278701782
233,0.6853348612785339,0.579214870929718
234,0.6824480295181274,0.5779148936271667
235,0.6847575306892395,0.5756896734237671
236,0.6760969758033752,0.6007116436958313
237,0.6864895820617676,0.5824394822120667
238,0.6749422550201416,0.5885217785835266
239,0.6899538040161133,0.5698893666267395
240,0.6916859149932861,0.5677282810211182
241,0.6836027503013611,0.5825323462486267
242,0.6755196452140808,0.5839626789093018
243,0.7009238004684448,0.569767951965332
244,0.6784064769744873,0.5846133232116699
245,0.662240207195282,0.5820529460906982
246,0.6974595785140991,0.5710461735725403
247,0.6841801404953003,0.5782042741775513
248,0.6882216930389404,0.5623866319656372
249,0.6887990832328796,0.5756570100784302
250,0.6760969758033752,0.5836312174797058
251,0.6957274675369263,0.5623478293418884
252,0.6997690796852112,0.5569915175437927
253,0.6887990832328796,0.5652588605880737
254,0.7038106322288513,0.5619905591011047
255,0.7003464102745056,0.5638086795806885
256,0.7251732349395752,0.5442594289779663
257,0.7015011310577393,0.5551952123641968
258,0.6951501369476318,0.5528609752655029
259,0.7015011310577393,0.5556381344795227
260,0.7061200737953186,0.5506276488304138
261,0.7118937373161316,0.546777606010437
262,0.6830254197120667,0.5819724798202515
263,0.7003464102745056,0.5677165985107422
264,0.6974595785140991,0.5644862055778503
265,0.6893764138221741,0.5684709548950195
266,0.6824480295181274,0.5644757747650146
267,0.7003464102745056,0.5579391121864319
268,0.6922633051872253,0.5551773905754089
269,0.6957274675369263,0.5605344176292419
270,0.699191689491272,0.5727779865264893
271,0.679561197757721,0.5745376944541931
272,0.7026559114456177,0.5453023314476013
273,0.6789838075637817,0.5815286636352539
274,0.6789838075637817,0.569057822227478
275,0.6911085247993469,0.5560308694839478
276,0.704965353012085,0.5436024069786072
277,0.710739016532898,0.5437607169151306
278,0.7020785212516785,0.5605794191360474
279,0.6980369687080383,0.5625780820846558
280,0.6997690796852112,0.5510189533233643
281,0.6760969758033752,0.6034839153289795
282,0.707274854183197,0.544325590133667
283,0.7043879628181458,0.5506051778793335
284,0.7090069055557251,0.5490165948867798
285,0.707274854183197,0.5616897344589233
286,0.6605080962181091,0.5840407013893127
287,0.6558891534805298,0.5854686498641968
288,0.6859122514724731,0.5645067691802979
289,0.6887990832328796,0.573652982711792
290,0.6905311942100525,0.5676246285438538
291,0.6812933087348938,0.5824514031410217
292,0.7124711275100708,0.5464882254600525
293,0.704965353012085,0.5491926074028015
294,0.7078521847724915,0.5530544519424438
295,0.7124711275100708,0.5520575642585754
296,0.7032332420349121,0.5584068298339844
297,0.6501154899597168,0.5953878164291382
298,0.6633949279785156,0.5719152092933655
299,0.638568103313446,0.6038810014724731
0,0.5090252757072449,0.7465500235557556,0.4438040256500244,0.6956191062927246
1,0.4916967451572418,0.725452721118927,0.4438040256500244,0.6985487937927246
2,0.48736461997032166,0.7351434826850891,0.4438040256500244,0.696807324886322
3,0.5025270581245422,0.7109219431877136,0.4438040256500244,0.6973550915718079
4,0.4837545156478882,0.7163028717041016,0.4438040256500244,0.6954219341278076
5,0.5090252757072449,0.7035305500030518,0.4438040256500244,0.6953799724578857
6,0.47797834873199463,0.7101921439170837,0.44668588042259216,0.6955986022949219
7,0.5162454843521118,0.6986665725708008,0.44668588042259216,0.695747435092926
8,0.4823104739189148,0.7040621638298035,0.44092220067977905,0.6959362030029297
9,0.5111913084983826,0.6988735795021057,0.44092220067977905,0.6960341334342957
10,0.4953068494796753,0.69997239112854,0.4438040256500244,0.6973620057106018
11,0.505415141582489,0.6967446208000183,0.4438040256500244,0.6977104544639587
12,0.5083032250404358,0.6936702132225037,0.4438040256500244,0.6976111531257629
13,0.5184115767478943,0.6967082619667053,0.4438040256500244,0.6975497603416443
14,0.4945848286151886,0.6947375535964966,0.4438040256500244,0.6976892352104187
15,0.4953068494796753,0.6954922080039978,0.4438040256500244,0.6974472403526306
16,0.5061371922492981,0.6935281753540039,0.4438040256500244,0.697551965713501
17,0.5119133591651917,0.696753740310669,0.4438040256500244,0.6983861327171326
18,0.48953068256378174,0.696575403213501,0.4438040256500244,0.6979154348373413
19,0.5148014426231384,0.6927117705345154,0.4438040256500244,0.6977239847183228
20,0.5068591833114624,0.6969847083091736,0.4438040256500244,0.6983401775360107
21,0.5234656929969788,0.6933139562606812,0.4438040256500244,0.6983384490013123
22,0.513357400894165,0.6923841834068298,0.4438040256500244,0.6981384754180908
23,0.5104693174362183,0.6929864883422852,0.4438040256500244,0.6981524229049683
24,0.5003610253334045,0.6948108673095703,0.4438040256500244,0.697884202003479
25,0.5184115767478943,0.6931751370429993,0.4438040256500244,0.6980095505714417
26,0.5176895260810852,0.692804217338562,0.4438040256500244,0.6982563734054565
27,0.5162454843521118,0.6926822066307068,0.4438040256500244,0.6981977224349976
28,0.5097472667694092,0.6941550970077515,0.4438040256500244,0.6980302929878235
29,0.5018050670623779,0.6937165260314941,0.4438040256500244,0.6980123519897461
30,0.505415141582489,0.6936659812927246,0.4438040256500244,0.6976803541183472
31,0.5155234932899475,0.6940594911575317,0.4438040256500244,0.6981231570243835
32,0.5212996602058411,0.6926072239875793,0.4438040256500244,0.6977410912513733
33,0.5046931505203247,0.693742036819458,0.4438040256500244,0.6978740096092224
34,0.5191335678100586,0.6929102540016174,0.4438040256500244,0.6981502175331116
35,0.5148014426231384,0.6931224465370178,0.4438040256500244,0.6978678107261658
36,0.5256317853927612,0.6916449069976807,0.4438040256500244,0.6979503035545349
37,0.5162454843521118,0.6936231851577759,0.4438040256500244,0.6976540088653564
38,0.5176895260810852,0.6927585601806641,0.4438040256500244,0.6981921195983887
39,0.513357400894165,0.6925894618034363,0.4438040256500244,0.6976467967033386
40,0.5140794515609741,0.6925079226493835,0.4438040256500244,0.6979763507843018
41,0.5169675350189209,0.6921867728233337,0.4438040256500244,0.6974852085113525
42,0.512635350227356,0.6931061744689941,0.4438040256500244,0.6979120969772339
43,0.5111913084983826,0.6929315328598022,0.4438040256500244,0.6975100636482239
44,0.5140794515609741,0.6936281323432922,0.4438040256500244,0.6976852416992188
45,0.5176895260810852,0.6923976540565491,0.4438040256500244,0.6974552869796753
46,0.5198556184768677,0.6922563910484314,0.4438040256500244,0.6973571181297302
47,0.5097472667694092,0.6937283277511597,0.4438040256500244,0.6973591446876526
48,0.5097472667694092,0.6934228539466858,0.4438040256500244,0.6973602771759033
49,0.5176895260810852,0.6930168867111206,0.4438040256500244,0.6975995302200317
50,0.5039710998535156,0.6938438415527344,0.4438040256500244,0.6976656913757324
51,0.5176895260810852,0.6931132078170776,0.4438040256500244,0.6976031064987183
52,0.5212996602058411,0.6930744051933289,0.4438040256500244,0.6979092359542847
53,0.5241877436637878,0.691990852355957,0.4438040256500244,0.6977083086967468
54,0.5018050670623779,0.6936241984367371,0.4438040256500244,0.697777509689331
55,0.505415141582489,0.6934618949890137,0.4438040256500244,0.6977028250694275
56,0.49819493293762207,0.6941565871238708,0.4438040256500244,0.6977574825286865
57,0.5119133591651917,0.6927282810211182,0.4438040256500244,0.6977729797363281
58,0.5083032250404358,0.6925442814826965,0.4438040256500244,0.6975921392440796
59,0.5032491087913513,0.6936841011047363,0.4438040256500244,0.6974673867225647
60,0.5140794515609741,0.6924052238464355,0.4438040256500244,0.697473406791687
61,0.5212996602058411,0.6927359104156494,0.4438040256500244,0.6977813839912415
62,0.5046931505203247,0.6940130591392517,0.4438040256500244,0.6976928114891052
63,0.5111913084983826,0.6935116052627563,0.4438040256500244,0.6975743174552917
64,0.5162454843521118,0.6933565735816956,0.4438040256500244,0.6976659297943115
65,0.5155234932899475,0.6921517848968506,0.4438040256500244,0.6974855065345764
66,0.5148014426231384,0.6926520466804504,0.4438040256500244,0.6973873376846313
67,0.5104693174362183,0.6931645274162292,0.4438040256500244,0.6973435282707214
68,0.512635350227356,0.6926657557487488,0.4438040256500244,0.6976799368858337
69,0.5061371922492981,0.6929228901863098,0.4438040256500244,0.6976902484893799
70,0.5148014426231384,0.6924697756767273,0.4438040256500244,0.6974622011184692
71,0.5068591833114624,0.6927456259727478,0.4438040256500244,0.6972991824150085
72,0.5111913084983826,0.693372905254364,0.4438040256500244,0.6974929571151733
73,0.5090252757072449,0.693189263343811,0.4438040256500244,0.6974380612373352
74,0.5119133591651917,0.692966878414154,0.4438040256500244,0.6974928975105286
75,0.5176895260810852,0.6925868391990662,0.4438040256500244,0.6976314187049866
76,0.5104693174362183,0.6929872632026672,0.4438040256500244,0.6974639296531677
77,0.5155234932899475,0.6926661133766174,0.4438040256500244,0.6974937319755554
78,0.5162454843521118,0.6925565004348755,0.4438040256500244,0.6973804235458374
79,0.5140794515609741,0.6927022337913513,0.4438040256500244,0.6971893906593323
80,0.5169675350189209,0.692811131477356,0.4438040256500244,0.6974830627441406
81,0.5140794515609741,0.6925679445266724,0.4438040256500244,0.6975018382072449
82,0.5140794515609741,0.6929289698600769,0.4438040256500244,0.6972787976264954
83,0.513357400894165,0.6927050352096558,0.4438040256500244,0.6972863078117371
84,0.5162454843521118,0.6923736929893494,0.4438040256500244,0.6971919536590576
85,0.5191335678100586,0.6924082040786743,0.4438040256500244,0.6972046494483948
86,0.513357400894165,0.6926051378250122,0.4438040256500244,0.6971632838249207
87,0.5148014426231384,0.692912757396698,0.4438040256500244,0.6972255110740662
88,0.5119133591651917,0.6927798390388489,0.4438040256500244,0.6971904039382935
89,0.5148014426231384,0.6925075650215149,0.4438040256500244,0.6970507502555847
90,0.5184115767478943,0.6930084228515625,0.4438040256500244,0.6971632838249207
91,0.5111913084983826,0.6928550004959106,0.4438040256500244,0.6970347762107849
92,0.5119133591651917,0.6929267644882202,0.4438040256500244,0.6971237659454346
93,0.5155234932899475,0.692914605140686,0.4438040256500244,0.6973442435264587
94,0.512635350227356,0.6927372813224792,0.4438040256500244,0.697289764881134
95,0.512635350227356,0.6931747198104858,0.4438040256500244,0.6972150206565857
96,0.5162454843521118,0.6925171613693237,0.4438040256500244,0.6969969868659973
97,0.5148014426231384,0.6926898956298828,0.4438040256500244,0.6973860859870911
98,0.5176895260810852,0.6927075982093811,0.4438040256500244,0.6970270276069641
99,0.5162454843521118,0.6929081678390503,0.4438040256500244,0.6972841620445251
100,0.5191335678100586,0.6926284432411194,0.4438040256500244,0.697231113910675
101,0.5155234932899475,0.6931262612342834,0.4438040256500244,0.697055995464325
102,0.5155234932899475,0.6926465630531311,0.4438040256500244,0.6969694495201111
103,0.5162454843521118,0.6926434636116028,0.4438040256500244,0.6969851851463318
104,0.5148014426231384,0.6928462982177734,0.4438040256500244,0.6967693567276001
105,0.5155234932899475,0.6925942301750183,0.4438040256500244,0.6971627473831177
106,0.5140794515609741,0.693101167678833,0.4438040256500244,0.6969852447509766
107,0.5140794515609741,0.6926836967468262,0.4438040256500244,0.6968593001365662
108,0.5176895260810852,0.6928452849388123,0.4438040256500244,0.6970566511154175
109,0.513357400894165,0.6928254961967468,0.4438040256500244,0.696711003780365
110,0.5140794515609741,0.6928858160972595,0.4438040256500244,0.6970971822738647
111,0.5155234932899475,0.6926960349082947,0.4438040256500244,0.6969349384307861
112,0.5119133591651917,0.6927603483200073,0.4438040256500244,0.6969172358512878
113,0.5148014426231384,0.6928832530975342,0.4438040256500244,0.6969545483589172
114,0.513357400894165,0.6931461095809937,0.4438040256500244,0.6969005465507507
115,0.5155234932899475,0.692609429359436,0.4438040256500244,0.6968337893486023
116,0.5162454843521118,0.6926283836364746,0.4438040256500244,0.6969358921051025
117,0.5176895260810852,0.6927154660224915,0.4438040256500244,0.6969423890113831
118,0.5148014426231384,0.6929518580436707,0.4438040256500244,0.696759819984436
119,0.5140794515609741,0.6928341388702393,0.4438040256500244,0.6969418525695801
120,0.5162454843521118,0.6926684975624084,0.4438040256500244,0.6970402002334595
121,0.5155234932899475,0.6929152011871338,0.4438040256500244,0.6969107389450073
122,0.5148014426231384,0.692882776260376,0.4438040256500244,0.6966946125030518
123,0.5155234932899475,0.6926664113998413,0.4438040256500244,0.6968216300010681
124,0.5148014426231384,0.692827582359314,0.4438040256500244,0.6969248056411743
125,0.5155234932899475,0.6927255392074585,0.4438040256500244,0.6969169974327087
126,0.5148014426231384,0.6927015781402588,0.4438040256500244,0.6972142457962036
127,0.5148014426231384,0.6927176713943481,0.4438040256500244,0.6971638202667236
128,0.5148014426231384,0.6927410960197449,0.4438040256500244,0.6970275640487671
129,0.5148014426231384,0.6927719116210938,0.4438040256500244,0.6972771286964417
130,0.5155234932899475,0.6925586462020874,0.4438040256500244,0.697127103805542
131,0.5155234932899475,0.6926396489143372,0.4438040256500244,0.6971774101257324
132,0.5155234932899475,0.6927101016044617,0.4438040256500244,0.697315514087677
133,0.5148014426231384,0.6927704215049744,0.4438040256500244,0.6971064209938049
134,0.5162454843521118,0.6924960017204285,0.4438040256500244,0.6973205804824829
135,0.5140794515609741,0.6928502321243286,0.4438040256500244,0.6973342895507812
136,0.5140794515609741,0.6927475333213806,0.4438040256500244,0.697265088558197
137,0.5169675350189209,0.6925469040870667,0.4438040256500244,0.6970871090888977
138,0.5155234932899475,0.6927128434181213,0.4438040256500244,0.6972994208335876
139,0.5162454843521118,0.6927257776260376,0.4438040256500244,0.6972054839134216
140,0.5155234932899475,0.692746639251709,0.4438040256500244,0.6972458958625793
141,0.5148014426231384,0.6927157044410706,0.4438040256500244,0.6971424221992493
142,0.5155234932899475,0.6926297545433044,0.4438040256500244,0.6968937516212463
143,0.5155234932899475,0.6927244067192078,0.4438040256500244,0.6970893740653992
144,0.5155234932899475,0.6924740076065063,0.4438040256500244,0.6971191167831421
145,0.5148014426231384,0.6928458213806152,0.4438040256500244,0.6969234943389893
146,0.5148014426231384,0.6928610801696777,0.4438040256500244,0.6967129707336426
147,0.5169675350189209,0.6923752427101135,0.4438040256500244,0.69685959815979
148,0.5176895260810852,0.6924395561218262,0.4438040256500244,0.6970741748809814
149,0.5162454843521118,0.6927210092544556,0.4438040256500244,0.6968855857849121
0,0.5017321109771729,0.7709363698959351
1,0.5109699964523315,0.7218976616859436
2,0.49191686511039734,0.7116929888725281
3,0.508083164691925,0.7101696133613586
4,0.49884527921676636,0.7093307971954346
5,0.474595844745636,0.7060907483100891
6,0.5005773901939392,0.7042745351791382
7,0.4959584176540375,0.7000080943107605
8,0.5040415525436401,0.7008689045906067
9,0.5034642219543457,0.6969329118728638
10,0.5092378854751587,0.6968101859092712
11,0.4965358078479767,0.6983867883682251
12,0.5155889391899109,0.6926130056381226
13,0.5161662697792053,0.6979913711547852
14,0.5092378854751587,0.6976446509361267
15,0.5028868317604065,0.6944897174835205
16,0.5051963329315186,0.6955743432044983
17,0.5150115489959717,0.6927129626274109
18,0.5086604952812195,0.6919218897819519
19,0.5155889391899109,0.692530632019043
20,0.5127021074295044,0.6931750178337097
21,0.5103926062583923,0.6916638612747192
22,0.5167436599731445,0.6933999061584473
23,0.5202078819274902,0.6923940181732178
24,0.5144341588020325,0.6927651762962341
25,0.5236720442771912,0.6901426315307617
26,0.5225173234939575,0.6896865963935852
27,0.5242494344711304,0.6913138031959534
28,0.5127021074295044,0.6945610642433167
29,0.531177818775177,0.688268780708313
30,0.5259815454483032,0.6876999735832214
31,0.5352193713188171,0.6877939105033875
32,0.5294457077980042,0.6896346211433411
33,0.5202078819274902,0.6937008500099182
34,0.5409930944442749,0.684822142124176
35,0.539260983467102,0.6825581789016724
36,0.53695148229599,0.687707781791687
37,0.5381062626838684,0.6839577555656433
38,0.5329099297523499,0.6854354739189148
39,0.5340646505355835,0.6834188103675842
40,0.5444572567939758,0.6830935478210449
41,0.5473440885543823,0.67756587266922
42,0.5421478152275085,0.6827203631401062
43,0.5456120371818542,0.6841674447059631
44,0.5513857007026672,0.6807053089141846
45,0.5490761995315552,0.6794587969779968
46,0.5398383140563965,0.6824846863746643
47,0.53695148229599,0.6809796094894409
48,0.5594688057899475,0.6759814620018005
49,0.5548498630523682,0.6769347786903381
50,0.5467667579650879,0.6767797470092773
51,0.5675519704818726,0.6692675948143005
52,0.5577366948127747,0.6705102324485779
53,0.5715935230255127,0.6670709848403931
54,0.539260983467102,0.6952382922172546
55,0.531177818775177,0.6895280480384827
56,0.5687066912651062,0.6693962812423706
57,0.5744803547859192,0.6705916523933411
58,0.5739030241966248,0.6639389991760254
59,0.5889145731925964,0.6644508242607117
60,0.5571593642234802,0.6702079772949219
61,0.5588914752006531,0.667496919631958
62,0.587759792804718,0.6616172790527344
63,0.5837182402610779,0.6567925214767456
64,0.5652424693107605,0.6586199998855591
65,0.6004619002342224,0.6606779098510742
66,0.5929561257362366,0.6590366363525391
67,0.6056581735610962,0.6566895246505737
68,0.5981523990631104,0.6499961614608765
69,0.5900692939758301,0.659906804561615
70,0.6096997857093811,0.6455730199813843
71,0.6033487319946289,0.6507810950279236
72,0.6004619002342224,0.6477819085121155
73,0.6102771162986755,0.6374859809875488
74,0.6189376711845398,0.6363269686698914
75,0.6062355637550354,0.6474579572677612
76,0.6275981664657593,0.6274917125701904
77,0.6120092272758484,0.6427456736564636
78,0.6148960590362549,0.6359492540359497
79,0.6108545064926147,0.6408130526542664
80,0.6356812715530396,0.6262930631637573
81,0.6096997857093811,0.6331073641777039
82,0.601616621017456,0.6428436040878296
83,0.6212471127510071,0.6232312917709351
84,0.6206697225570679,0.6320704817771912
85,0.6241339445114136,0.6320646405220032
86,0.6327944397926331,0.6242871284484863
87,0.6229792237281799,0.6336384415626526
88,0.6270207762718201,0.6263667345046997
89,0.6299076080322266,0.6274859309196472
90,0.6316397190093994,0.6172077059745789
91,0.6108545064926147,0.6306321024894714
92,0.6160507798194885,0.6289045810699463
93,0.6322171092033386,0.626449465751648
94,0.6443418264389038,0.6161749958992004
95,0.6316397190093994,0.6269955635070801
96,0.6264434456825256,0.6222482919692993
97,0.6489607095718384,0.611003577709198
98,0.642609715461731,0.609366238117218
99,0.648383378982544,0.6156435608863831
100,0.6535796523094177,0.60909104347229
101,0.6391454935073853,0.6178673505783081
102,0.6356812715530396,0.6268430948257446
103,0.6616628170013428,0.5949205756187439
104,0.6264434456825256,0.6159147620201111
105,0.6356812715530396,0.6125183701515198
106,0.6449191570281982,0.591660737991333
107,0.636836051940918,0.6056615114212036
108,0.6339492201805115,0.6158450245857239
109,0.6437644362449646,0.602656364440918
110,0.6518476009368896,0.5896302461624146
111,0.6662817597389221,0.5954888463020325
112,0.6518476009368896,0.5870181322097778
113,0.6605080962181091,0.5990850925445557
114,0.6564664840698242,0.5917203426361084
115,0.6437644362449646,0.5885267853736877
116,0.6489607095718384,0.5780002474784851
117,0.6506928205490112,0.5925663113594055
118,0.6657043695449829,0.5841028094291687
119,0.6599307060241699,0.5971058011054993
120,0.6651270389556885,0.6096639633178711
121,0.6801385879516602,0.581566333770752
122,0.6807159185409546,0.5806964635848999
123,0.6893764138221741,0.5824049711227417
124,0.6945727467536926,0.6045980453491211
125,0.6916859149932861,0.5899698734283447
126,0.6911085247993469,0.581244707107544
127,0.6824480295181274,0.6022919416427612
128,0.6743649244308472,0.5841035842895508
129,0.6968821883201599,0.5808674097061157
130,0.6882216930389404,0.5922213196754456
131,0.6945727467536926,0.5812137126922607
132,0.710739016532898,0.5689207315444946
133,0.7274826765060425,0.5558205842971802
134,0.6674364805221558,0.6203022003173828
135,0.6709007024765015,0.592960000038147
136,0.6853348612785339,0.5711143612861633
137,0.71304851770401,0.5611032843589783
138,0.6778290867805481,0.5939106941223145
139,0.6870669722557068,0.5769095420837402
140,0.7095842957496643,0.5708691477775574
141,0.6974595785140991,0.5814335942268372
142,0.707274854183197,0.5618323683738708
143,0.7015011310577393,0.578519880771637
144,0.7095842957496643,0.5649917125701904
145,0.6830254197120667,0.6051719188690186
146,0.7020785212516785,0.5719995498657227
147,0.6997690796852112,0.5671683549880981
148,0.6784064769744873,0.5835587382316589
149,0.7136258482933044,0.5713620781898499
